dataset,plotID,series,subplot,habitat_broad,zonality,BIO1,BIO12,BIO7,BIO15,grazing_intencity,mowing,cover_litter,pH,Corg_percent
1,UA01NW,UA01,NW,dry,zonal,87,572,312,37,0,0,12,7.32,1.842267337
1,UA01SE,UA01,SE,dry,zonal,87,572,312,37,0,0,10,6.91,2.361055794
1,UA02NW,UA02,NW,dry,zonal,89,540,313,37,0,0,0,6.72,3.587774365
1,UA02SE,UA02,SE,dry,zonal,89,540,313,37,0,0,4,6.44,3.864812273
1,UA03NW,UA03,NW,dry,zonal,90,528,315,37,0,0,15,6.1,4.519048048
1,UA03SE,UA03,SE,dry,zonal,90,528,315,37,0,0,30,6.23,2.999399189
1,UA04NW,UA04,NW,dry,azonal,90,528,315,37,1,0,5,6.79,5.513344958
1,UA04SE,UA04,SE,dry,azonal,90,528,315,37,1,0,6,6.43,4.405449565
1,UA05NW,UA05,NW,dry,zonal,89,543,317,33,0,0,10,7.19,2.597513012
1,UA05SE,UA05,SE,dry,zonal,89,543,317,33,0,0,20,7,2.854462076
1,UA06NW,UA06,NW,dry,zonal,91,513,318,34,0,0,2,6.82,2.23054446
1,UA06SE,UA06,SE,dry,zonal,91,513,318,34,0,0,2,6.79,2.598210503
1,UA07NW,UA07,NW,dry,zonal,95,517,319,37,2,0,12,7.47,1.863913898
1,UA07SE,UA07,SE,dry,zonal,95,517,319,37,2,0,5,7.29,3.681214852
1,UA08NW,UA08,NW,dry,zonal,94,497,318,36,1,0,20,7.47,1.863913898
1,UA08SE,UA08,SE,dry,zonal,94,497,318,36,1,0,10,7.29,3.681214852
1,UA09NW,UA09,NW,dry,zonal,94,485,318,36,0,0,2,7.62,3.66024852
1,UA09SE,UA09,SE,dry,zonal,94,485,318,36,0,0,8,7.7,3.47291323
1,UA10NW,UA10,NW,dry,zonal,95,502,319,38,2,0,30,7.32,5.819765491
1,UA10SE,UA10,SE,dry,zonal,95,502,319,38,2,0,5,7.42,3.427815271
1,UA11NW,UA11,NW,dry,zonal,90,499,317,36,0,0,30,7.46,8.379927697
1,UA11SE,UA11,SE,dry,zonal,90,499,317,36,0,0,90,7.5,7.607422306
1,UA12NW,UA12,NW,dry,zonal,92,486,318,36,3,0,15,7.38,4.266128172
1,UA12SE,UA12,SE,dry,zonal,92,486,318,36,3,0,7,7.74,2.866585654
1,UA13NW,UA13,NW,dry,zonal,91,490,316,37,3,0,10,7.74,2.866585654
1,UA13SE,UA13,SE,dry,zonal,91,490,316,37,3,0,2,7.52,4.484569534
1,UA14NW,UA14,NW,dry,zonal,92,505,316,37,2,0,2,7.36,4.22713164
1,UA14SE,UA14,SE,dry,zonal,92,505,316,37,2,0,5,7.45,3.915770135
1,UA15NW,UA15,NW,dry,zonal,90,526,317,38,1,0,25,7.43,5.839599335
1,UA15SE,UA15,SE,dry,zonal,89,546,316,37,1,0,5,7.33,5.2509222
1,UA16NW,UA16,NW,dry,zonal,86,550,315,37,3,0,5,6,1.779571466
1,UA16SE,UA16,SE,dry,zonal,86,550,315,37,3,0,2,7.2,1.978493369
1,UA17NW,UA17,NW,dry,zonal,96,479,318,37,1,0,8,7.49,3.889997266
1,UA17SE,UA17,SE,dry,zonal,96,479,318,37,1,0,20,7.4,5.1839825
1,UA18NW,UA18,NW,dry,zonal,97,519,319,36,2,0,3,7.32,3.411811618
1,UA18SE,UA18,SE,dry,zonal,97,519,319,36,2,0,2,7.2,4.425591848
1,UA19NW,UA19,NW,dry,zonal,97,488,316,36,0,0,10,7.6,2.198389004
1,UA19SE,UA19,SE,dry,zonal,97,488,316,36,0,0,5,7.6,2.198389004
1,UA20NW,UA20,NW,dry,zonal,92,565,312,37,2,0,4,7.52,3.678355668
1,UA20SE,UA20,SE,dry,zonal,92,565,312,37,2,0,4,7.62,3.624061772
1,UA21NW,UA21,NW,dry,zonal,89,587,311,37,1,0,15,7.48,3.100212011
1,UA21SE,UA21,SE,dry,zonal,89,587,311,37,1,0,5,7.48,3.100212011
2,UA_MJ_01NW,UA_MJ_01,NW,mesic,azonal,19,1219,292,42,0,0,5,6.193333333,6.9264
2,UA_MJ_01SE,UA_MJ_01,SE,mesic,azonal,19,1219,292,42,0,0,70,6.193333333,6.9264
2,UA_MJ_02NW,UA_MJ_02,NW,mesic,azonal,18,1185,291,43,2,0,2,6.81,3.96
2,UA_MJ_02SE,UA_MJ_02,SE,mesic,azonal,18,1185,291,43,2,0,3,6.81,3.96
2,UA_MJ_03NW,UA_MJ_03,NW,mesic,azonal,40,757,295,45,0,1,25,5.8875,3.7728
2,UA_MJ_03SE,UA_MJ_03,SE,mesic,azonal,40,757,295,45,0,1,50,5.8875,3.7728
2,UA_MJ_04NW,UA_MJ_04,NW,mesic,azonal,49,773,296,43,0,1,10,NA,NA
2,UA_MJ_04SE,UA_MJ_04,SE,mesic,azonal,49,773,296,43,0,1,0,NA,NA
2,UA_MJ_05NW,UA_MJ_05,NW,mesic,azonal,48,812,296,45,1,0,0,5.79,3.78
2,UA_MJ_05SE,UA_MJ_05,SE,mesic,azonal,48,812,296,45,1,0,0,5.79,3.78
3,UA_Cr_01NW,UA_Cr_01,NW,dry,azonal,81,567,351,18,0,0,0,8.5,0.12
3,UA_Cr_01SE,UA_Cr_01,SE,dry,azonal,81,567,351,18,0,0,0,8.7,0.13
3,UA_Cr_02NW,UA_Cr_02,NW,dry,azonal,81,574,350,20,0,0,0.1,8.4,0.19
3,UA_Cr_02SE,UA_Cr_02,SE,dry,azonal,84,524,351,20,0,0,0.1,8.6,0.2
3,UA_Cr_03NW,UA_Cr_03,NW,dry,zonal,81,567,351,18,0,0,10,7.2,1.41
3,UA_Cr_03SE,UA_Cr_03,SE,dry,zonal,81,567,351,18,0,0,10,7.2,1.38
3,UA_Cr_04NW,UA_Cr_04,NW,dry,azonal,80,554,347,18,0,0,1,7.3,1.26
3,UA_Cr_04SE,UA_Cr_04,SE,dry,azonal,80,554,347,18,0,0,2,7.4,1.27
3,UA_Cr_05NW,UA_Cr_05,NW,dry,azonal,78,569,347,17,0,0,0.1,7.9,0.68
3,UA_Cr_05SE,UA_Cr_05,SE,dry,azonal,78,569,347,17,0,0,0.1,7.9,0.7
3,UA_Cr_06NW,UA_Cr_06,NW,dry,azonal,79,539,348,18,0,0,10,7.8,1.07
3,UA_Cr_06SE,UA_Cr_06,SE,dry,azonal,79,539,348,18,0,0,30,7.9,1.08
3,UA_Cr_07NW,UA_Cr_07,NW,dry,azonal,79,539,348,18,0,0,15,7.8,1.14
3,UA_Cr_07SE,UA_Cr_07,SE,dry,azonal,79,539,348,18,0,0,10,7.8,1.12
3,UA_Cr_08NW,UA_Cr_08,NW,dry,zonal,79,545,348,18,0,0,20,7.1,1.86
3,UA_Cr_08SE,UA_Cr_08,SE,dry,zonal,79,545,348,18,0,0,2,7.2,1.85
4,SB20033NE,SB20033,NE,dry,zonal,107,411,319,18,0,0,0,7.7,0.9
4,SB20033SW,SB20033,SW,dry,zonal,107,411,319,18,0,0,0,8.1,1.28
4,SB20060NE,SB20060,NE,dry,zonal,105,431,325,18,0,0,0,8.4,0.98
4,SB20060SW,SB20060,SW,dry,zonal,105,431,325,18,0,0,0,8.8,0.95
4,SB20061NW,SB20061,NW,dry,zonal,106,415,323,19,2,0,0,7.2,2.38
4,SB20061SE,SB20061,SE,dry,zonal,106,415,323,19,2,0,0,7.7,2.18
4,SB20062NW,SB20062,NW,dry,zonal,107,411,319,18,0,0,0,8.2,1.81
4,SB20062SE,SB20062,SE,dry,zonal,107,411,319,18,0,0,0,7.9,1.82
4,SB20063NW,SB20063,NW,dry,zonal,108,400,320,21,0,0,0,7.9,1.67
4,SB20063SE,SB20063,SE,dry,zonal,108,400,320,21,0,0,0,8.3,1.4
4,SB20077NW,SB20077,NW,dry,zonal,108,403,321,21,0,0,0,7.9,0.91
4,SB20077SE,SB20077,SE,dry,zonal,108,403,321,21,0,0,0,7.5,2.39
4,SB20078NW,SB20078,NW,dry,zonal,107,408,320,21,0,0,0,8.5,1.84
4,SB20078SE,SB20078,SE,dry,zonal,107,408,320,21,0,0,0,7.9,2.02
4,SB20079NW,SB20079,NW,dry,zonal,107,408,320,21,0,0,0,8.1,1.79
4,SB20079SE,SB20079,SE,dry,zonal,107,408,320,21,0,0,0,8.3,1
4,SB20081NW,SB20081,NW,dry,zonal,102,450,333,22,0,0,0,7.5,1.61
4,SB20081SE,SB20081,SE,dry,zonal,102,450,333,22,0,0,0,7.9,2.13
4,SB20083NW,SB20083,NW,dry,zonal,101,464,333,23,3,0,0,7.8,0.84
4,SB20083SE,SB20083,SE,dry,zonal,101,464,333,23,3,0,0,7.9,2.17
4,SB20084NW,SB20084,NW,dry,zonal,101,451,335,26,3,0,0,7.6,2.79
4,SB20084SE,SB20084,SE,dry,zonal,101,451,335,26,3,0,0,7.6,2.79
4,SB20100NW,SB20100,NW,dry,zonal,100,464,333,27,3,0,0,7.7,1.72
4,SB20100SE,SB20100,SE,dry,zonal,100,464,333,27,3,0,0,7.9,2.26
4,SB20101NE,SB20101,NE,dry,zonal,103,445,334,24,1,0,0,7.9,2.44
4,SB20101SW,SB20101,SW,dry,zonal,103,445,334,24,1,0,0,7.6,2.29
4,SB20102NW,SB20102,NW,dry,zonal,103,445,334,24,1,0,0,7.9,2.03
4,SB20102SE,SB20102,SE,dry,zonal,103,445,334,24,1,0,0,7.8,1.95
4,SB20103NW,SB20103,NW,dry,zonal,102,469,333,23,0,0,0,7.5,1.57
4,SB20103SE,SB20103,SE,dry,zonal,102,469,333,23,0,0,0,7.6,1.62
4,SB20104NW,SB20104,NW,dry,zonal,100,487,334,26,0,0,0,8.2,1.61
4,SB20104SE,SB20104,SE,dry,zonal,100,487,334,26,0,0,0,8.1,1.94
4,SB20150NW,SB20150,NW,dry,azonal,100,446,334,25,0,0,0,8.5,0.98
4,SB20150SE,SB20150,SE,dry,azonal,100,446,334,25,0,0,0,8.7,1.5
4,SB20160NW,SB20160,NW,dry,azonal,104,408,334,23,3,0,0,8.4,1.68
4,SB20160SE,SB20160,SE,dry,azonal,104,408,334,23,3,0,0,8.5,1.43
4,SB20169NE,SB20169,NE,dry,azonal,102,444,334,25,1,0,0,8.5,1.75
4,SB20169SW,SB20169,SW,dry,azonal,102,444,334,25,1,0,0,8.4,1.13
5,SB18008NW,SB18008,NW,dry,zonal,98,470,327,31,1,0,35,7.261032988,NA
5,SB18008SE,SB18008,SE,dry,zonal,98,470,327,31,1,0,40,7.821845794,NA
5,SB18019NW,SB18019,NW,dry,zonal,98,458,330,30,1,0,15,7.977910309,NA
5,SB18019SE,SB18019,SE,dry,zonal,98,458,330,30,1,0,5,7.821845794,NA
5,SB18024NW,SB18024,NW,dry,zonal,98,463,330,29,1,0,2,7.991860748,NA
5,SB18024SE,SB18024,SE,dry,zonal,98,463,330,29,1,0,5,7.836235303,NA
5,SB18025NE,SB18025,NE,dry,zonal,96,514,330,30,0,0,100,7.385564099,NA
5,SB18025SW,SB18025,SW,dry,zonal,96,514,330,30,0,0,100,7.069366386,NA
5,SB18029NW,SB18029,NW,dry,azonal,98,463,330,29,1,0,5,7.462714116,NA
5,SB18029SE,SB18029,SE,dry,azonal,98,463,330,29,1,0,7,7.279045695,NA
5,SB20086NE,SB20086,NE,dry,zonal,97,474,331,26,0,0,90,7.3,1.73
5,SB20086SW,SB20086,SW,dry,zonal,97,474,331,26,0,0,90,7.5,2.44
5,SB20112N,SB20112,N,dry,zonal,97,477,327,31,0,0,60,6.7,2.24
5,SB20112S,SB20112,S,dry,zonal,97,477,327,31,0,0,60,7.3,2.22
5,SB20113NW,SB20113,NW,dry,zonal,98,460,329,30,1,0,40,7.6,1.25
5,SB20113SE,SB20113,SE,dry,zonal,98,460,329,30,1,0,40,7.7,1.49
5,SB20120NW,SB20120,NW,dry,zonal,97,466,327,30,1,0,90,7.5,0.15
5,SB20120SE,SB20120,SE,dry,zonal,97,466,327,30,1,0,70,7.4,0.17
5,SB20121NW,SB20121,NW,dry,azonal,96,476,327,31,2,0,15,8.1,2.14
5,SB20121SE,SB20121,SE,dry,azonal,96,476,327,31,2,0,10,7.9,2.54
5,SB20122NW,SB20122,NW,dry,zonal,96,490,328,30,0,0,40,7.7,1.35
5,SB20122SE,SB20122,SE,dry,zonal,96,490,328,30,0,0,60,7.4,2.07
5,SB20129NW,SB20129,NW,dry,zonal,96,476,328,30,2,0,10,8.2,2.35
5,SB20129SE,SB20129,SE,dry,zonal,96,476,328,30,2,0,5,8.4,1.49
5,SB20130NW,SB20130,NW,dry,azonal,98,455,328,31,0,0,15,6.1,0.51
5,SB20130SE,SB20130,SE,dry,azonal,98,455,328,31,0,0,10,5.9,2.75
5,SB20136NW,SB20136,NW,dry,azonal,97,473,328,31,0,0,25,7.1,1.62
5,SB20136SE,SB20136,SE,dry,azonal,97,473,328,31,0,0,20,7.1,1.78
5,SB20139NE,SB20139,NE,dry,zonal,96,478,328,30,0,0,95,7.2,1.43
5,SB20139SW,SB20139,SW,dry,zonal,96,478,328,30,0,0,80,6.6,1.86
6,UAS01NW,UAS01,NW,complex,azonal,107,402,332,19,2,1,5,7.33,1.656
6,UAS01SE,UAS01,SE,complex,azonal,107,402,332,19,2,1,55,6.97,1.6128
6,UAS02NW,UAS02,NW,dry,zonal,112,387,327,16,2,0,5,8.19,1.3392
6,UAS02SE,UAS02,SE,dry,zonal,112,387,327,16,2,0,5,8.21,1.296
6,UAS03NW,UAS03,NW,complex,azonal,107,402,332,19,2,1,10,7.76,2.0736
6,UAS03SE,UAS03,SE,complex,azonal,107,402,332,19,2,1,2.5,7.72,2.2464
6,UAS04NW,UAS04,NW,dry,zonal,114,392,328,18,0,0,20,7.52,1.872
6,UAS04SE,UAS04,SE,dry,zonal,114,392,328,18,0,0,40,7.49,1.7712
6,UAS05NW,UAS05,NW,dry,zonal,111,391,327,17,1,0,1,8.21,1.008
6,UAS05SE,UAS05,SE,dry,zonal,111,391,327,17,1,0,5,8.16,0.9072
6,UAS06NW,UAS06,NW,dry,zonal,114,390,328,18,0,0,25,8.11,3.7152
6,UAS06SE,UAS06,SE,dry,zonal,114,390,328,18,0,0,20,8.27,3.5136
6,UAS09NW,UAS09,NW,saline,azonal,113,383,331,17,0,0,20,8.82,2.6928
6,UAS09SE,UAS09,SE,saline,azonal,113,383,331,17,0,0,10,8.91,2.6496
6,UAS10NW,UAS10,NW,dry,zonal,113,391,328,17,0,0,2,8.08,1.8288
6,UAS10SE,UAS10,SE,dry,zonal,114,386,328,17,0,0,25,8.26,1.5696
6,UAS11NE,UAS11,NE,dry,zonal,111,395,330,18,1,0,7,8.06,0.648
6,UAS11SW,UAS11,SW,dry,zonal,111,395,330,18,1,0,0.5,8.1,0.5184
6,UAS12NW,UAS12,NW,dry,zonal,114,390,316,14,0,0,NA,8.21,1.656
6,UAS12SE,UAS12,SE,dry,zonal,114,390,316,14,0,0,15,8.11,1.6992
6,UAS13NW,UAS13,NW,dry,zonal,113,387,328,17,0,0,70,7.59,2.088
6,UAS13SE,UAS13,SE,dry,zonal,113,387,328,17,0,0,20,7.5,2.16
6,UAS14NW,UAS14,NW,dry,zonal,112,397,329,18,0,0,10,8.11,1.4688
6,UAS14SE,UAS14,SE,dry,zonal,113,384,329,18,0,0,15,8.01,1.3536
6,UAS15N,UAS15,N,saline,azonal,112,379,329,18,0,0,5,7.77,2.0016
6,UAS15S,UAS15,S,saline,azonal,112,379,329,18,0,0,1,7.7,2.1312
6,UAS16NW,UAS16,NW,saline,azonal,113,392,309,14,0,0,NA,7.61,2.0448
6,UAS16SE,UAS16,SE,saline,azonal,113,392,309,14,0,0,10,7.6,2.0016
6,UAS17NW,UAS17,NW,dry,zonal,111,388,302,18,3,0,5,7.17,1.3104
6,UAS17SE,UAS17,SE,dry,zonal,111,388,302,18,3,0,10,7.17,1.3104
6,UAS18NE,UAS18,NE,dry,zonal,112,399,322,16,0,0,7,8.21,1.9584
6,UAS18SW,UAS18,SW,dry,zonal,112,399,322,16,0,0,5,8.92,2.088
6,UAS19NW,UAS19,NW,dry,zonal,114,394,310,15,1,0,10,8.06,2.6352
6,UAS19SE,UAS19,SE,dry,zonal,114,394,310,15,1,0,70,8.05,2.8656
6,UAS20NW,UAS20,NW,dry,zonal,114,383,289,16,0,0,100,7.86,2.8512
6,UAS20SE,UAS20,SE,dry,zonal,114,383,289,16,0,0,90,7.71,2.952
6,UAS21NW,UAS21,NW,dry,azonal,113,389,299,14,1,0,5,7.05,1.6128
6,UAS21SE,UAS21,SE,dry,azonal,113,389,299,14,1,0,0,7.1,1.656
6,UAS22NW,UAS22,NW,dry,azonal,114,383,288,16,0,0,70,8.41,0.5328
6,UAS22SE,UAS22,SE,dry,azonal,114,383,288,16,0,0,25,8.51,0.576
6,UAS23NW,UAS23,NW,saline,azonal,113,387,300,14,2,0,0.5,7.68,1.2672
6,UAS23SE,UAS23,SE,saline,azonal,113,387,300,14,2,0,10,8.92,0.8208
6,UAS24NW,UAS24,NW,saline,azonal,113,385,291,16,1,0,90,7.21,2.952
6,UAS24SE,UAS24,SE,saline,azonal,113,385,291,16,1,0,40,7.36,3.6432
6,UAS25NW,UAS25,NW,dry,zonal,112,382,300,18,1,0,80,5.96,2.0736
6,UAS25SE,UAS25,SE,dry,zonal,112,382,300,18,1,0,70,6.15,1.8288
6,UAS26NW,UAS26,NW,dry,azonal,110,387,307,19,1,0,15,6.53,0.3888
6,UAS26SE,UAS26,SE,dry,azonal,110,387,307,19,1,0,15,6.4,0.3168
6,UAS27NW,UAS27,NW,dry,azonal,111,385,306,19,1,0,15,6.86,0.216
6,UAS27SE,UAS27,SE,dry,azonal,111,385,306,19,1,0,2,7.12,0.144
6,UAS28NW,UAS28,NW,saline,azonal,112,379,296,18,0,0,5,5.88,2.0304
6,UAS28SE,UAS28,SE,saline,azonal,112,379,296,18,0,0,2,5.95,2.52
6,UAS29NW,UAS29,NW,saline,azonal,111,389,305,18,2,0,15,7.66,0.6624
6,UAS29SE,UAS29,SE,saline,azonal,111,389,305,18,2,0,5,7.25,0.432
6,UAS30NW,UAS30,NW,saline,azonal,111,392,306,18,1,0,10,6.5,3.2544
6,UAS30SE,UAS30,SE,saline,azonal,111,392,306,18,1,0,10,7.22,1.6416
6,UAS31NW,UAS31,NW,dry,zonal,113,380,330,18,0,0,45,8.34,2.304
6,UAS31SE,UAS31,SE,dry,zonal,113,380,330,18,0,0,50,8.21,2.0736
6,UAS32NW,UAS32,NW,dry,azonal,111,385,306,19,1,0,85,7.15,0.4032
6,UAS32SE,UAS32,SE,dry,azonal,111,385,306,19,1,0,75,7.16,0.3168
6,UAS33NW,UAS33,NW,dry,azonal,109,405,312,20,2,0,1,7.71,0.432
6,UAS33SE,UAS33,SE,dry,azonal,109,405,312,20,2,0,NA,7.53,0.4464
6,UAS34NW,UAS34,NW,saline,azonal,110,402,311,20,1,0,NA,8.85,1.728
6,UAS34SE,UAS34,SE,saline,azonal,110,402,311,20,1,0,70,8.67,1.5696
6,UAS35NW,UAS35,NW,dry,azonal,110,394,310,19,0,0,15,7.7,0.2304
6,UAS35SE,UAS35,SE,dry,azonal,110,394,310,19,0,0,3,7.31,0.36
6,UAS36NW,UAS36,NW,mesic,azonal,110,386,307,19,1,0,45,7.02,0.6192
6,UAS36SE,UAS36,SE,mesic,azonal,110,386,307,19,1,0,80,7.12,0.7344
6,UAS37NW,UAS37,NW,dry,azonal,111,385,306,19,0,0,3,7.99,0.0792
6,UAS37SE,UAS37,SE,dry,azonal,111,385,306,19,0,0,3,7.99,0.0792
6,UAS38NW,UAS38,NW,saline,azonal,111,385,306,19,0,0,100,8.11,0.6192
6,UAS38SE,UAS38,SE,saline,azonal,111,385,306,19,0,0,100,8.33,0.2304
6,UAS39NW,UAS39,NW,dry,azonal,111,382,305,19,1,0,5,7.42,0.0288
6,UAS39SE,UAS39,SE,dry,azonal,111,382,305,19,1,0,8,7.62,0.144
6,UAS40NW,UAS40,NW,dry,azonal,110,408,311,18,0,0,10,7.7,0.3024
6,UAS40SE,UAS40,SE,dry,azonal,110,408,311,18,0,0,9,7.45,0.216
6,UAS41NW,UAS41,NW,dry,zonal,109,408,317,18,0,1,95,7.52,1.728
6,UAS41SE,UAS41,SE,dry,zonal,109,408,317,18,0,1,95,7.45,1.6416
6,UAS42NW,UAS42,NW,dry,azonal,108,430,328,18,0,0,2,7.08,0.0864
6,UAS42SE,UAS42,SE,dry,azonal,108,430,328,18,0,0,2,7.48,0.1296
6,UAS43NW,UAS43,NW,dry,azonal,110,394,309,19,0,0,80,6.95,0.648
6,UAS43SE,UAS43,SE,dry,azonal,110,394,309,19,0,0,15,6.84,0.4032
6,UAS44NW,UAS44,NW,dry,azonal,110,393,309,19,0,0,15,6.86,0.8208
6,UAS44SE,UAS44,SE,dry,azonal,110,393,309,19,0,0,70,6.83,1.0512
6,UAS45NW,UAS45,NW,dry,azonal,110,408,311,18,0,0,15,6.72,0.36
6,UAS45SE,UAS45,SE,dry,azonal,110,408,311,18,0,0,15,7.19,0.3888
6,UAS46NW,UAS46,NW,dry,azonal,107,431,328,19,0,0,5,6.97,0.3024
6,UAS46SE,UAS46,SE,dry,azonal,107,431,328,19,0,0,5,7.35,0.216
6,UAS47NW,UAS47,NW,dry,azonal,107,431,328,19,0,0,90,7.85,0.2736
6,UAS47SE,UAS47,SE,dry,azonal,107,431,328,19,0,0,95,6.81,0.432
6,UAS48NW,UAS48,NW,dry,azonal,109,416,318,18,0,0,40,7.91,0.36
6,UAS48SE,UAS48,SE,dry,azonal,109,416,318,18,0,0,85,6.81,0.216
6,UAS49NW,UAS49,NW,dry,azonal,108,430,328,18,0,0,2,7.05,0.2304
6,UAS49SE,UAS49,SE,dry,azonal,108,430,328,18,0,0,2,7.01,0.0576
6,UAS50NW,UAS50,NW,dry,azonal,102,415,340,20,0,0,15,8.5,0.5184
6,UAS50SE,UAS50,SE,dry,azonal,102,415,340,20,0,0,5,8.65,0.36
6,UAS51NW,UAS51,NW,dry,zonal,102,415,340,20,0,0,70,8.34,1.3536
6,UAS51SE,UAS51,SE,dry,zonal,102,415,340,20,0,0,50,8.19,1.6992
6,UAS55NW,UAS55,NW,dry,zonal,113,380,330,18,0,0,6,8.02,3.9456
6,UAS55SE,UAS55,SE,dry,zonal,113,380,330,18,0,0,50,8.02,3.9456
7,NFD21_01NW,NFD21_01,NW,fringe,azonal,87,546,312,36,0,0,90,6.86,2.5488
7,NFD21_01SE,NFD21_01,SE,fringe,azonal,87,546,312,36,0,0,10,6.74,2.7648
7,NFD21_02NW,NFD21_02,NW,dry,azonal,85,588,310,39,0,0,20,6.25,2.1168
7,NFD21_02SE,NFD21_02,SE,dry,azonal,85,588,310,39,0,0,30,6.34,2.0448
7,NFD21_03NW,NFD21_03,NW,dry,azonal,82,605,307,38,0,0,5,5.65,1.9008
7,NFD21_03SE,NFD21_03,SE,dry,azonal,82,605,307,38,0,0,5,5.47,0.792
7,NFD21_04NW,NFD21_04,NW,dry,azonal,82,610,306,38,0,0,40,5.41,0.5328
7,NFD21_04SE,NFD21_04,SE,dry,azonal,82,610,306,38,0,0,5,5.29,0.60768
7,NFD21_05NW,NFD21_05,NW,dry,azonal,87,590,309,42,0,0,10,7.26,3.8448
7,NFD21_05SE,NFD21_05,SE,dry,azonal,87,590,309,42,0,0,5,7.38,3.816
7,NFD21_06NW,NFD21_06,NW,dry,azonal,89,589,309,43,0,0,0,7.48,3.0816
7,NFD21_06SE,NFD21_06,SE,dry,azonal,89,589,309,43,0,0,1,7.55,3.456
7,NFD21_07NW,NFD21_07,NW,dry,azonal,89,609,309,43,0,0,15,7.17,4.32
7,NFD21_07SE,NFD21_07,SE,dry,azonal,89,609,309,43,0,0,30,7.27,4.2768
7,NFD21_08NE,NFD21_08,NE,dry,azonal,89,609,309,43,0,0,10,7.49,4.032
7,NFD21_08SW,NFD21_08,SW,dry,azonal,89,609,309,43,0,0,80,7.5,4.2768
7,NFD21_09NW,NFD21_09,NW,mesic,azonal,43,858,296,44,1,0,15,5.07,3.5568
7,NFD21_09SE,NFD21_09,SE,mesic,azonal,43,858,296,44,1,0,NA,5.12,3.4128
7,NFD21_10NW,NFD21_10,NW,mesic,azonal,48,812,296,45,1,0,5,5.8,3.456
7,NFD21_10SE,NFD21_10,SE,mesic,azonal,48,812,296,45,1,0,10,5.78,4.104
7,NFD21_11NE,NFD21_11,NE,alpine,zonal,18,1185,291,43,0,0,10,6.43,3.6288
7,NFD21_11SW,NFD21_11,SW,alpine,zonal,18,1185,291,43,0,0,10,6.48,3.4272
7,NFD21_12NW,NFD21_12,NW,alpine,zonal,18,1185,291,43,2,0,25,7.2,4.4208
7,NFD21_12SE,NFD21_12,SE,alpine,zonal,18,1185,291,43,2,0,80,7.13,4.3632
7,NFD21_13NW,NFD21_13,NW,fringe,azonal,19,1219,292,42,0,0,90,6.07,6.0912
7,NFD21_13SE,NFD21_13,SE,fringe,azonal,19,1219,292,42,0,0,15,6.1,5.4
7,NFD21_14NW,NFD21_14,NW,fringe,azonal,19,1219,292,42,0,0,70,6.41,9.288
7,NFD21_14SE,NFD21_14,SE,fringe,azonal,19,1219,292,42,0,0,50,6.41,9.288
7,NFD21_15NW,NFD21_15,NW,mesic,azonal,41,767,295,46,0,0,15,6.24,4.5072
7,NFD21_15SE,NFD21_15,SE,mesic,azonal,41,767,295,46,0,0,50,6.35,2.9376
7,NFD21_16NW,NFD21_16,NW,mesic,azonal,41,767,295,46,0,1,85,5.55,4.4496
7,NFD21_16SE,NFD21_16,SE,mesic,azonal,41,767,295,46,0,1,50,5.41,3.1968
7,NFD21_17NW,NFD21_17,NW,fringe,azonal,43,757,296,45,0,1,10,6.5,4.8816
7,NFD21_17SE,NFD21_17,SE,fringe,azonal,43,757,296,45,0,1,15,6.55,3.4992
7,NFD21_18NW,NFD21_18,NW,fringe,azonal,43,757,296,45,0,1,95,6.68,3.9888
7,NFD21_18SE,NFD21_18,SE,fringe,azonal,43,757,296,45,0,1,50,6.68,3.9888
7,NFD21_56NW,NFD21_56,NW,dry,zonal,83,769,296,39,0,0,NA,NA,NA
7,NFD21_56SE,NFD21_56,SE,dry,zonal,83,769,296,39,0,0,NA,NA,NA
7,NFD21_57NW,NFD21_57,NW,dry,zonal,85,733,296,39,0,0,NA,NA,NA
7,NFD21_57SE,NFD21_57,SE,dry,zonal,85,733,296,39,0,0,NA,NA,NA
7,NFD21_58NW,NFD21_58,NW,dry,zonal,85,674,301,55,0,1,NA,NA,NA
7,NFD21_58SE,NFD21_58,SE,dry,zonal,85,674,301,55,0,1,NA,NA,NA
7,NFD21_59NE,NFD21_59,NE,mesic,azonal,82,581,320,29,0,0,50,NA,NA
7,NFD21_59SW,NFD21_59,SW,mesic,azonal,82,581,320,29,0,0,80,NA,NA
7,NFD21_60NW,NFD21_60,NW,mesic,azonal,82,584,320,30,0,0,30,NA,NA
7,NFD21_60SE,NFD21_60,SE,mesic,azonal,82,584,320,30,0,0,50,NA,NA
7,NFD21_61NW,NFD21_61,NW,dry,azonal,94,549,309,44,0,0,10,NA,NA
7,NFD21_61SE,NFD21_61,SE,dry,azonal,94,549,309,44,0,0,NA,NA,NA
7,NFD21_62NW,NFD21_62,NW,dry,zonal,87,658,306,46,0,0,NA,NA,NA
7,NFD21_62SE,NFD21_62,SE,dry,zonal,87,658,306,46,0,0,NA,NA,NA
7,NFD21_63NW,NFD21_63,NW,dry,zonal,80,799,304,50,0,0,NA,NA,NA
7,NFD21_63SE,NFD21_63,SE,dry,zonal,80,799,304,50,0,0,NA,NA,NA
7,NFD21_64NW,NFD21_64,NW,dry,zonal,89,668,305,46,0,0,NA,NA,NA
7,NFD21_64SE,NFD21_64,SE,dry,zonal,89,668,305,46,0,0,NA,NA,NA
8,NFD21_20NE,NFD21_20,NE,alpine,zonal,5,1508,289,34,0,0,20,4.24,1.3536
8,NFD21_20SW,NFD21_20,SW,alpine,zonal,5,1508,289,34,0,0,50,4.31,1.1232
8,NFD21_21NE,NFD21_21,NE,alpine,zonal,5,1508,289,34,0,0,0,4.25,9.504
8,NFD21_21SW,NFD21_21,SW,alpine,zonal,5,1508,289,34,0,0,0,4.15,8.3808
8,NFD21_23NE,NFD21_23,NE,fringe,azonal,24,1108,292,37,0,0,80,4.07,6.0048
8,NFD21_23NW,NFD21_23,NW,fringe,azonal,24,1108,292,37,0,0,80,3.99,3.7728
8,NFD21_24NW,NFD21_24,NW,alpine,zonal,9,1397,289,33,0,0,90,5.26,2.2608
8,NFD21_24SE,NFD21_24,SE,alpine,zonal,9,1397,289,33,0,0,10,5.26,2.2608
8,NFD21_26NW,NFD21_26,NW,alpine,zonal,9,1426,289,30,1,0,80,3.81,4.3632
8,NFD21_26SE,NFD21_26,SE,alpine,zonal,9,1426,289,30,1,0,40,3.81,4.3632
8,NFD21_27NW,NFD21_27,NW,alpine,zonal,4,1459,289,32,0,0,80,3.8,4.9392
8,NFD21_27SE,NFD21_27,SE,alpine,zonal,4,1459,289,32,0,0,80,3.99,5.7456
8,NFD21_28NW,NFD21_28,NW,alpine,zonal,9,1397,289,33,0,0,10,4.43,3.9888
8,NFD21_28SE,NFD21_28,SE,alpine,zonal,9,1397,289,33,0,0,90,4.59,7.6032
8,NFD21_30NW,NFD21_30,NW,alpine,zonal,4,1459,289,32,0,0,90,4.34,4.9248
8,NFD21_30SE,NFD21_30,SE,alpine,zonal,4,1459,289,32,0,0,20,4.05,3.7296
8,NFD21_31NW,NFD21_31,NW,alpine,zonal,11,1367,290,33,0,0,15,4.99,3.8016
8,NFD21_31SE,NFD21_31,SE,alpine,zonal,11,1367,290,33,0,0,70,5.04,3.2976
8,NFD21_33NW,NFD21_33,NW,alpine,zonal,3,1478,289,31,0,0,2,4.13,3.8592
8,NFD21_33SE,NFD21_33,SE,alpine,zonal,3,1478,289,31,0,0,30,4.11,4.2336
8,NFD21_34NW,NFD21_34,NW,fringe,azonal,11,1367,290,33,1,0,90,4.99,4.6656
8,NFD21_34SE,NFD21_34,SE,fringe,azonal,11,1367,290,33,1,0,10,4.99,4.6656
8,NFD21_35NW,NFD21_35,NW,mesic,azonal,78,583,293,32,2,0,NA,5.65,2.736
8,NFD21_35SE,NFD21_35,SE,mesic,azonal,78,585,293,32,2,0,0,5.6,1.6416
8,NFD21_36NE,NFD21_36,NE,wet,azonal,78,583,293,32,1,0,30,5.83,8.2944
8,NFD21_36SW,NFD21_36,SW,wet,azonal,78,583,293,32,1,0,13,5.81,8.3808
8,NFD21_37NW,NFD21_37,NW,dry,zonal,80,571,291,33,1,0,10,5.39,0.5328
8,NFD21_37SE,NFD21_37,SE,dry,zonal,80,571,291,33,1,0,20,5.39,0.5328
8,NFD21_38NW,NFD21_38,NW,dry,azonal,79,573,295,35,1,0,0,5.09,0.3024
8,NFD21_38SE,NFD21_38,SE,dry,azonal,79,573,295,35,1,0,0,4.77,0.5328
8,NFD21_39NW,NFD21_39,NW,dry,zonal,79,573,295,35,1,0,NA,5.36,0.6048
8,NFD21_39SE,NFD21_39,SE,dry,zonal,79,573,295,35,1,0,80,5.46,0.4896
8,NFD21_40NW,NFD21_40,NW,dry,azonal,79,594,296,33,0,0,80,5.03,0.8208
8,NFD21_40SE,NFD21_40,SE,dry,azonal,79,594,296,33,0,0,20,4.9,0.7344
8,NFD21_42NW,NFD21_42,NW,wet,azonal,79,591,298,35,2,1,0,7.37,2.3904
8,NFD21_42SE,NFD21_42,SE,wet,azonal,79,591,298,35,2,1,20,4.32,9.1152
8,NFD21_43NW,NFD21_43,NW,dry,azonal,77,653,303,35,0,0,1,5.16,0.2304
8,NFD21_43SE,NFD21_43,SE,dry,azonal,77,653,303,35,0,0,0,5.08,0.36
8,NFD21_44NW,NFD21_44,NW,dry,azonal,76,659,303,35,1,0,3,5.22,0.3456
8,NFD21_44SE,NFD21_44,SE,dry,azonal,76,659,303,35,1,0,0.5,5.32,0.2592
9,NFD21_45NW,NFD21_45,NW,saline,azonal,109,420,324,19,0,0,0,7.86,1.3392
9,NFD21_45SE,NFD21_45,SE,saline,azonal,109,420,324,19,0,0,0,7.71,1.296
9,NFD21_46NE,NFD21_46,NE,saline,azonal,109,409,317,18,0,0,10,7.62,0.7344
9,NFD21_46SW,NFD21_46,SW,saline,azonal,109,409,317,18,0,0,15,7.94,0.8784
9,NFD21_47NE,NFD21_47,NE,saline,azonal,111,396,311,19,0,0,0,8.7,0.576
9,NFD21_47SW,NFD21_47,SW,saline,azonal,111,396,311,19,0,0,0,8.58,0.9936
9,NFD21_48NW,NFD21_48,NW,saline,azonal,111,394,311,19,0,0,0,8.07,2.2608
9,NFD21_48SE,NFD21_48,SE,saline,azonal,111,396,311,19,0,0,0,8.04,1.728
9,NFD21_49NW,NFD21_49,NW,saline,azonal,113,383,293,17,0,0,0,7.84,0.7056
9,NFD21_49SE,NFD21_49,SE,saline,azonal,113,383,293,17,0,0,0,7.75,0.6048
9,NFD21_50NW,NFD21_50,NW,saline,azonal,113,383,293,17,0,0,0,7.92,0.8352
9,NFD21_50SE,NFD21_50,SE,saline,azonal,113,383,293,17,0,0,0,7.86,0.5616
9,NFD21_51NW,NFD21_51,NW,saline,azonal,113,383,293,17,0,0,0,7.31,2.3904
9,NFD21_51SE,NFD21_51,SE,saline,azonal,113,383,293,17,0,0,0,7.31,2.3904
9,NFD21_52NW,NFD21_52,NW,saline,azonal,104,400,336,24,2,0,30,8.53,2.088
9,NFD21_52SE,NFD21_52,SE,saline,azonal,104,400,336,24,2,0,10,8.64,1.7424
9,NFD21_53NW,NFD21_53,NW,saline,azonal,103,403,337,25,1,0,3,8.41,2.7216
9,NFD21_53SE,NFD21_53,SE,saline,azonal,103,403,337,25,1,0,0,8.44,3.3408
9,NFD21_54NW,NFD21_54,NW,saline,azonal,94,465,337,27,1,0,0,8.24,2.1312
9,NFD21_54SE,NFD21_54,SE,saline,azonal,94,465,337,27,1,0,0,8.17,1.3392
9,NFD21_55NW,NFD21_55,NW,saline,azonal,94,465,337,27,1,0,0,8.02,3.9456
9,NFD21_55SE,NFD21_55,SE,saline,azonal,94,465,337,27,1,0,0,8.02,3.9456
10,RZ2214NW,RZ2214,NW,dry,zonal,83,509,321,36,0,0,80,7.59,1.908
10,RZ2214SE,RZ2214,SE,dry,zonal,83,509,321,36,0,0,20,7.16,2.184
10,RZ2215NW,RZ2215,NW,dry,zonal,84,526,321,35,0,0,95,6.96,1.476
10,RZ2215SE,RZ2215,SE,dry,zonal,84,526,321,35,0,0,50,6.71,1.632
10,RZ2216NW,RZ2216,NW,dry,zonal,83,509,321,36,0,0,95,6.72,1.56
10,RZ2216SE,RZ2216,SE,dry,zonal,83,509,321,36,0,0,95,6.88,1.548
10,RZ2217NW,RZ2217,NW,dry,zonal,83,509,321,36,0,0,NA,6.79,1.416
10,RZ2217SE,RZ2217,SE,dry,zonal,83,509,321,36,0,0,90,6.66,1.764
10,RZ2218NW,RZ2218,NW,dry,zonal,83,509,321,36,0,0,60,6.56,1.056
10,RZ2218SE,RZ2218,SE,dry,zonal,83,509,321,36,0,0,60,6.71,1.584
10,RZ2219NW,RZ2219,NW,dry,zonal,83,509,321,36,0,0,80,6.51,1.512
10,RZ2219SE,RZ2219,SE,dry,zonal,83,509,321,36,0,0,80,6.62,1.368
11,BS19005NW,BS19005,NW,dry,azonal,106,425,328,23,0,0,55,8,1.147346214
11,BS19005SE,BS19005,SE,dry,azonal,106,425,328,23,0,0,40,7.5,1.263436201
11,BS19013NW,BS19013,NW,dry,zonal,101,447,336,26,0,0,55,6.5,1.195584029
11,BS19013SE,BS19013,SE,dry,zonal,101,447,336,26,0,0,60,7.3,1.441868635
11,BS19023NW,BS19023,NW,dry,azonal,104,428,333,23,1,0,30,7.4,0.910538305
11,BS19023SE,BS19023,SE,dry,azonal,104,428,333,23,1,0,40,8.2,0.49387855
11,BS19031NW,BS19031,NW,dry,azonal,107,416,327,23,1,0,20,7.3,1.168625667
11,BS19031SE,BS19031,SE,dry,azonal,107,416,327,23,1,0,20,7.1,0.681491103
11,BS19032NW,BS19032,NW,dry,azonal,97,487,325,30,2,0,20,7.4,1.383633451
11,BS19032SE,BS19032,SE,dry,azonal,97,487,325,30,2,0,15,6.9,0.905444009
11,BS19048NW,BS19048,NW,dry,azonal,96,537,321,34,0,0,65,7.6,1.096661597
11,BS19048SE,BS19048,SE,dry,azonal,96,537,321,34,0,0,50,5.7,0.622654535
11,SB20152NW,SB20152,NW,dry,azonal,102,437,335,27,2,0,5,7.5,1.172293431
11,SB20152SE,SB20152,SE,dry,azonal,102,437,335,27,2,0,10,8.5,0.990416878
11,SB20172NW,SB20172,NW,dry,zonal,98,530,334,26,0,0,60,7.7,1.531479219
11,SB20172SE,SB20172,SE,dry,zonal,98,530,334,26,0,0,45,8,1.436238313
11,SB20178NW,SB20178,NW,dry,azonal,102,453,335,26,0,0,35,7.6,2.138933634
11,SB20178SE,SB20178,SE,dry,azonal,102,453,335,26,0,0,20,7.6,0.720842824
